id	cleaned_text	HS	TR	AG
20005	me esto comienzo la picada árabe más rica de mi vida	0	0	0
20006	ser callante zorra y mama duro a	1	1	1
20011	acabo de escuchar a casado dividendo que ha mecenas de misiones de subsaharianos ahora mismo remiendo dinero para venir a europa no se que me asustar más que este idiota liga esas cosa o que haya tanto parado descanso creérselas.	0	0	0
20019	"y nadie se ha preguntador lo que le a a costar al hombre del guantazo la situacion.. porque seguro es que el manda musulmán le a a poner una denuncia que el fallo a a ser ""culpable"", que una pandilla de musulmonos le a a estar esperanto delante de la puerta de su negocio"	1	0	1
20033	ser callante como sobra más zorra son las tuyas	1	1	1
20039	te quieto hacer mi reina árabe bomboncitocaramel	0	0	0
20046	ser callante perra jajajajajaja	1	1	1
20047	en la reina del sur de ser , el personaje del agüero divina también lleva un registro en cuaderno los detalle de todo los vuelo realizados transportador droga esto le cuesta finalmente su vida	0	0	0
20063	ser vieja zorra imbécil y mentirosa que nos creer nos solemne cojudo señor lenón por favor dignifique al ecuador pobre pero no en la cloaca revolucionaria	1	1	1
20101	ser tu tres un hijo de puta pervertidor y pedofilo, una lacra que se debe exterminar basura de mierda no merecer vivir	0	0	0
20111	ser ser ser a que la zorra esto a de matrona por la vida jajajaja. pero si de un soplido la desgracia al adefesio ese	1	1	1
20124	ser mira hijo de puta mejor callante la gran jeta malparado a ella y a cualquier virgen la pueden vestir como le de la gana tú tres el culpable de esta desgracia de que callo sobre venezuela y eso no lo amos a olvidar hijo de puta	0	0	0
20127	una tía no es una guarra por hacer una foto de su culo y tú tres un puto nadi que no se que hacer respirador	0	0	0
20138	ea pues ya solo falta que albera rivera vaya a algeciras a abrazante con los inmigrante subsaharianos	1	1	0
20142	ser claro es un hoyo(coño) que se aire con una tuneladora(polla) sin consentimiento de la naturaleza una macabra violación de libro	0	0	0
20148	racimo es que haya enfrijoladas con frijol agüero y no negro	0	0	0
20161	cada puta semana igual la puta carpeta esto hasta el moño de cepeda no se derecha quedarse. ojalá hagáis un poquito de autocrítica todo los que lo apoyais.	0	0	0
20162	chica súper sufrido cielo la menstruación es una bendición no una maldición mira zorra callante	1	1	1
20175	ay dios cuando se entre casado de que la ola de calor bien dada por la entrada masiva sin papeleo de aire subsahariano	1	0	0
20188	ser hasta el como ad	0	0	0
20210	ser ser tú tres la puta beyoncé siempre querido a	0	0	0
20213	ser perra te lo merecer esa presentación de por bicho estuco a tu altura por fin le chiste justicia a la canción y al álbum britney juan al presentar la canción en un programa de te lucido hermosa acuerdada y sublimidad	1	1	1
20232	ser tú tres la perra no te dijes engañar	1	1	1
20241	ser callante la concha de tu hermana puta	1	1	1
20255	la puta madre que te re mil parir rocío callante	0	0	0
20265	tema inmigración de venezuela como estados y que bebedor hacer ayer mira un programa con abogado pimiento abrir un estudio con todo ellos pera trabajar en argentina no es como mucho que antecedente tener que hacedor con los nuestros es un tema a mirar antes que nos estable	1	0	0
20288	tú tres la zorra antoniaaaaaaaa	1	1	1
20302	ser ser es correcto una cosa es acoso pero una violación par tizne razón es delicado	0	0	0
20303	ser imbécil tres tú ya secante ese rancho de la cabeza mies de niña niño y jóvenes padecer de acoso en línea y en la vida real pendejadas como esas que tutear mantener vivo el odio hacia jóvenes glotis mucho que no tener ni guía o proteico	0	0	0
20305	ser ser callante vos sos capaz de venderse zorra.... a	1	1	1
20307	tu tres lesbia ana xi no as probado mi polla	1	1	1
20315	así pensar todo los puto moro de mierda que viento a este país asco	1	0	1
20337	ni armar un complot para matar un presidente saben...	1	0	1
20340	ser deja tu dolor maldito resentido tú tres la primera perra magayllinera que siempre esto pendiente de lo que hacer leonesa a tu madre la coger un caraquilla y ese es tu resentimiento pajo	1	1	1
20341	a mi si me enseñar a compartir perra	1	1	1
20353	la diferencia entre comida mejicana y la comida árabe es que una te de diarrea y otra te de diarrea explosiva	1	0	1
20370	para rompeolas la puta cara que asco dis os merecéis lo peor que os pase por baboso machistas y cerdo de mierda que seis alguno	0	0	0
20376	zorra tu abuela imbécil	0	0	0
20399	callante maldita zorra esto muy nervioso	1	1	1
20400	el arma existir algún día recibir lo que merecer por haber sino tan hijo de puta a	0	0	0
20414	mira esto muy hasta la puta polla de ver coreano en mi el solo porque twitter decir que es buena idea enseñar los puto lipes de la gente de verdad hasta los puto coronel de ver a los tonto estos	0	0	0
20429	la puta madre por fin chiellini puro loco gracia bestia te merecer el pinche cielo amos juventud	0	0	0
20430	ser amigo aire mi nombre es saltar jerez v-13.899.989 wperez001@gmail.com y desde el 16/03/2017 que fu a cita aun no me imprimir el pasaporte esto indocumentado en el extranjero ayuda portador lo necesitar urgente gracia . ser	0	0	0
20451	ser ser la historia popular se la intenta el pueblo ella decir inventar su parte aprovechado para provocar a gente como tú yo son un ti y me molesta ver como os poner a corregir cierta gilipolleces mientras a luego os escandalizar	0	0	0
20458	ser ser dije claramente mi novia es sevillista y es una puta más ... evidentemente se relieve a las sevillistas como puta	1	0	1
20464	me alegro de lo que le pasa a ese puto negro colombiano en tetera del volcán por extorsionar a gente de mi país aunque no son poblano pero me alegro y eso bebería hacer con todo los sudanés y centroamericano que viento a delinquir a mi país... hijo de puta lacra	1	0	1
20496	ser jajajajajajajajajajajajajajajajajajajajajajajajajajaja la puta madre te lo merecer por usar como memo siempre	0	0	0
20511	terrible tema para activar árabe de papichamp jaajaaja	0	0	0
20516	son a le deca a simón poxyran a su novia es re linda y a esto enamorada de juan la re puta madre si tan solo fuesa real a	0	0	0
20526	triunfador tus publicaciones en redel social son todo un éxito ya te mi que subasta mucha foto con el guitarrista agüero del ano chingo de me encorazonas. es hora de celebrar de la mejor manera comprado algo en amazona o de perdido en mercado libre	0	0	0
20536	y más rosa y más sonrisa mujer gitano zorra y guarra se pues ser más imbécil	1	0	1
20539	"de música árabe racha taha y su canción ya rayah"", hermosa canción y de la voz ni se diga..."	0	0	0
20552	la gente que orina sobre el aborto y que jamás ha sino madre que no ha pasado por alguna violación o acoso o...	0	0	0
20565	ha que ser tonto para poner el tui de la bomba con la foto del niño con la polla en la cara un mashup de banco	0	0	0
20573	no humo provocación no humo respuesta pero estos hijo de puta tras piedra y romper las valla que no llorón cuando los carmen a palo	0	0	0
20579	ser desde tocorno perra , tu tres culpable de esto	1	1	1
20584	mientras los inmigrante con todo tipo de ayuda más de 3,5 misiones de español vivez con menos de 350 euro al mes vía ser	1	0	0
20590	ser ser pues aire grande el hocico perra que te la hoy a meter y me vender en tu cara de zorra pendejo sin dignidad	1	1	1
20591	jajajajaja pero esta señora que le pasa no son refugiado son inmigrante ilegales. si pensar tratar a todo los pobre por refugiado crea que deberias observar un poco a tu alrededor y ver que aquí ha mucha gente pobre que no les conceder ese estatuto del que hablar	1	0	0
20603	serio salvar a piquinvigna se re derecha ser salvada,la coreo transmitir alegría y que hermosa.la re puta madre	0	0	0
20612	embajada de venezuela en emiratos árabes unidos condena el atentado terrorista contra el presidente ser el mundo árabe condena este vil auto nuestro pasa nuestro pueblo no para cabida a tan miserable acción ser ser ser ser	0	0	0
20617	mmmmm tu nada más veras enseñar las chasis pinche vieja puta	1	1	1
20620	estos negrada asqueroso y no pasa nada anda que si lo hacer un blanquizo las semi macis se los comer	1	0	1
20623	ser ser callante perra	1	1	1
20644	que injusto... hijo de puta no merecíais ni el empate ad ser	0	0	0
20650	ser que te calle y a la cárcel eso es lo que tener que hacer de una puta vez	0	0	0
20652	ser callante zorra seguro que para uno de tus 9174829283 chico pero no importar porque a mi me mas mas y seguro extraña mis abrazo fin	1	1	1
20657	esto no se pues permitir ni tolerar que vaya ha hacer el salvaje a su puñetazo país esta por civilizar no - en ser más de 20 guardia civil herido alguno por cal viva tras el salto a la valla de cesta	1	0	1
20686	amos hacerlo' no te enseñar que a un conectar en el medio hijo de puta	0	0	0
20711	ser eso es culpa de los gobierno corrupto que tener arreglo con esta escoria ojalá se muera la perra esa...	1	1	1
20717	ser ser para que no les tu tres el hijo de perra	0	0	0
20720	ser ser callante perra al rato empedamos de	1	1	1
20737	ser que por cierto danza pala tu tres una gata asquerosa y una soportable zorra celosa yo son tan de cama a y la definido se quien se el olla y sólo son un clavo aun así la definido me legista y me oeste danza pala babosa	1	1	1
20738	¡cállate maldita escoria acaso no saber con quien hablar hablar con barón epodo silla el mejor héroe de una quien destrozar tu comida cara de mierda harén que te arrepientas y te meta tus asquerosa idioteces por el orto	0	0	0
20741	ser ser ser callante zorra de	1	1	1
20747	una morra paso su foto de perfil donde vale bieeeeeen perra enseñado chichear y nalga... pero alvvvvvvvv las patas de hábito que pedooooooooo	1	1	1
20748	nunca se ha reconocido un derecho de retorno similar a un colectivo de refugiado en todo el mundo y de hecho en ningún momento se plante ni se plantear algo similar para los más de 800.000 judío que fuero expulsados de países árabes tras la independencia de israel	0	0	0
20749	una persona guarra es alguien que no mantener una correcta higiene personal que tizne eso que ver con enseñar el cuerpo	0	0	0
20750	por la revolución y los en en primera línea de la árabe	0	0	0
20751	ayer en charlador con una señora marroquí y nos comento que esto bastante harto con la ilegal subsahariana. les ocupar las vivienda vaca y luego tener que acudir al juzgado a echar a los ocupar	1	0	0
20794	ser ser los vasco son de puta madre siempre tu tres un hideputa.	0	0	0
20800	ser solo a un ladino en cuatro penetrante como te merecer puta perra divina la más zorra y después voltear y echar la leche en la garganta casi sin poder respirar que llorar y goles mientras miente la leche caliente bando por tu larga	1	1	1
20803	ser lo de llamarles intelectual de la cosmética es de trata edad como panteón a pago con mi como de lo que quieto de	0	0	0
20813	ser callante vos pedazo de escoria	0	0	0
20814	si no te bañar no espera cobrar ni la cena hasta los guapo apestar	0	0	0
20819	la inmigración legal sólo satisfacer el 4 % de las necesidad de la agricultura	0	0	0
20824	te gusto la comida árabe aprender como se hacer el falafel	0	0	0
20833	dijes que tres súper puta porque le deste tu número a un chato que ni conocías ... callante niña rata	1	1	1
20835	que bueeeen quilombo jajaajaj. te lo merecido por zorra a	1	1	1
20837	ser zorra terrorista imbécil e ignorante sos vos	1	1	1
20861	iglesia carmenar otero tarde y wyoming ofrecer sus residencia a los inmigrante de cesta	0	0	0
20865	ser solo pago lo a me enseñar ser una	0	0	0
20872	no es culpa mi uuuuo, la zorra de tu novia quier arrancar no es culpa miau mutuo	1	1	1
20873	funcionaria denuncia acoso y violación en el poder judicial me violar una docena de receso -	0	0	0
20918	el vicepresidente de la diputación de alicante se disculpa tras pedir «deportaciones masiva de inmigrante	0	0	0
20922	ser ser ser ser bandera de españa la escoria como vosotros no os merecéis otra cosa	0	0	0
20928	hoy en diversidad universo diverso nos visita palo könig, juez de te nos preparado para el agenda invitación y pañuelo ser ser ser ser	0	0	0
20933	es que no seis consciente alguno de lo mal que lo pasa los perro por culpa de los petardo de la polla	0	0	0
20935	ser la puta callante que quieto tener el pelo naranjada y me a a quedar horrible porque son negra	0	0	0
20940	cuando estas de novia es normal que una persona se pongo tannnnn hija de puta	0	0	0
20942	ser nemea callante la puta boca y aprender a jugar más campeones chofe	0	0	0
20943	ser jauja no dios tontería bordo le ha escondido de puta madre	0	0	0
20946	todo país debe supervisar al inmigrante lamentablemente estos parásito visiblemente cometieron delito en pero la anarquía actual los complacer para que sian delinquiendo.	1	0	1
20951	bizcocho árabe de coco sin azúcar	0	0	0
20952	ser callante la jeta perra que de este año no pasa	0	0	0
20953	ser la nacionalidad mal torgada y con comportamiento no diente y sin voluntad de integrar etc..se pues retrotraer así que menos hampa inmigrante porque les queda lo que se queda sandez	1	0	0
20981	puta ana callante zorra	1	1	1
20986	ser y tú tres un auténtico no hablar de lo que no tener ni puta idea	0	0	0
20990	como queda árabe de eco	0	0	0
21015	ser la perra y pega cuerno del grupo ser la callada pero peligrosa ser le vale verga y romper corazones	1	1	1
21034	ser callante zorra tú ya tener a tus me deja a los míos	1	1	1
21044	re si vuelto a calafate jajajajjsjajs	0	0	0
21050	ser ser callante puta rata ya estas llorador	0	0	0
21066	mira tu callante puta	1	1	1
21072	hoy andado por la calle y me ha dicho cosa en árabe ya que me estas acusado dije lo en español para que te enmienda arique como yo no les entierro me he cagado en su puta madre en árabe para que ellos a mi si	1	0	1
21076	ser callante perra hija de perra sos una perra	1	1	1
21077	para cuando poner a maduro en a frontera a se sopa el esta indocumentado ya que no tizne pan legitimar a a mostro tibitrampa es un fraude ya a la mama dese venezolana pero ella nunca se nacionalizar cuando cumplir el encargo maleante	0	0	0
21081	yo cine jamete benengeli, escriba la historia de un caballero moro enamoradizo y aventurero más algún mal cristiano dios a la imprenta en madriz una traducción infiel que poco y nada tizne que ver con la tradición de las noche árabes	0	0	0
21100	ser ser parecer que vuestro postre en cesta parecer que no ha colado	0	0	0
21104	los español bebería avivar y vender los subsaharianos a arabia saudita...	1	0	0
21116	ser olivera mierdanez, tú tres un retardado mental escoria tú & tus ídolo que esto llegado a las masa a la ignorancia todo los terramierdistas son la mierda del universo retratador mental gente sin entendimiento muéranse terraza	0	0	0
21124	a la mujer escala delgada y limpia que gorda y guarra ella se volver	1	0	1
21144	ser judit por ni vinir... pero callante puta de mierda	1	1	1
21149	ser que te calle la puta boca hombre hecho con el teclado ese que a a voz saber no se como se llama pero ese	0	0	0
21152	ser ser ser callante vos blanco anda bicho como la puta falsa abogada espera se pura en la cárcel y devuelta todo dedicante a estudiar en serio la droga es mala cristina puta	1	1	1
21155	ser ser ser como como se a a resistir la pobre chica con 3 dios violadora desgraciado no tres mejor que ellos para nada vergüenza te bebería dar vergüenza	0	0	0
21169	pues el remate de al que parecer que esto preparado tenería mucho sentido si la familia es hispana y sin papeleo	0	0	0
21170	ser ser ser esto emocional como pues haber tanta hermandad entre árabes y judios... a parte la barbarie solo el odio pues unirles...	0	0	0
21172	ser ser si claro... sus mentira ha dejado en la pobreza al pueblo mejicano callante zorra prisa	1	1	1
21215	que tal otro aporte anónimo son de la puta de mi esposa así los deja en navidad enseñado le los calbotes al vecino re y siguenos ser ser	1	1	1
21221	agüero nalga prieta	0	0	0
21222	yo cerebro callante de una puta vez con estar para cerebro ( de de ͡°) cerebro te las cuenta de que... yo mira ni se te curra cerebro ... si parte valer no rubiera reventador aldeana kilo seria un príncipe disnea	0	0	0
21228	mirar no buen trasero o un buen escote es acoso	0	0	0
21238	en mi corazón ser baja del cielo a abrazar agüera de	0	0	0
21249	no tener ni puta idea lo que dijes no es cierto solo podre ser repatriado con los países que españa tizne un convenio a los subsaharianos no se les repatriar a los marroquí , sí	0	0	0
21255	y tú tres una maldita escoria con una repugnante inclinación por los hombres.. enseres como tú me producto náusea	0	0	0
21257	si la suerte me abandonar y es que esto un poco triste es que tú tres una zorra y un buitre no como alpiste	1	1	1
21263	boca neis mundo - como es siamés rada la única estación de radio gas del mundo árabe	0	0	0
21269	ahhh.siiii...el idiota de antes te paso las foto de esta noche tu tres un hijo de puta especial para ti si....	0	0	0
21277	"es una sátira... pero que esto muy cera de ser realidad tenia cuidado con los islamita porque poco a poco los tan a conquistar ""pacíficamente"", y cuando reaccionar a a ser demasiado tarde solución sacar a todo los refugiado de españa y de europa y enviarlos a arabia"	1	0	1
21282	ser callante perra arrepentida	1	1	1
21284	tu saber porque a las mujer ha que enterralas en un ataúd triangular porque cuando les tapa la luz se bren de pierna	1	0	0
21297	ser es que tú tres la perra mayor  perro  chispas  chispas  chispas  chispas  chispas 	1	1	1
21305	"tú explicar el patriarcado como sitios negratas"" no vengar a exigir nada a las explicaciones de otra cuando se ha explicador desde hacer año"	1	0	1
21327	es gracioso pensar que androide galería así y en iphone pasadía como el símbolo árabe que se a el terminal directamente a la verga de	0	0	0
21333	en londresa ha una crisis con los refugiado sitios que violín niña que harta si uno viola a tu hija y la policía te llama r... a no tenso hija disculpa te equivocaste de persona.... no se que harta tratar de buscarlas...	1	0	1
21335	hola rubia te sino desde que te calle la puta boca a quien le importar	0	0	0
21339	la como sabemos, es mala se ha demostrador en media pero no debemos caer en la tentación de salpicar nuestra con extremismo tenedor que defender lo nuestro si pero desde posiciones conservadora y no radicales. es lo mejor re	1	0	1
21351	ser callante pelota imbécil si sos hermosa la próxima te pego te amo be	1	1	1
21387	ser disfrutar de tu evento nosotros te lo organizamos, banquete mena de tiempo taquizas, flauta taco árabes bar de ensalada waffles bar eco con gusto te atenderemos	0	0	0
21398	ser cuando regresar la agüera imantar por fa una pequeña aparición en ser	0	0	0
21402	agüero	0	0	0
21417	a pasa en bandera españa ,q tenedor sindicato de mantero como se pues estar sindicado sin tener papeleo ni pasaporte ni nada a acreditar de donde son y quien son	1	0	0
21433	en tu cara zorra	1	1	1
21438	ser .... que tu tres bien puta	1	1	1
21440	el colaboradora de fustigar a por llamar “tonterías” escándalo de acoso sexual	0	0	0
21449	chicxs, les remiendo que vena los víreo de este canal y vena los víreo de middle ground. siesta a persona con diferente punto de vista para hablar de esos tema y criante que ha sino los mejor fideo que he visto ha pro-trump y inmigrante proaborto y porvida	0	0	0
21455	me llama novia me gusto shizuka la chica es bonita me gusto esa puta	1	1	1
21469	un jugador de mi equipo canta mi novia es sevillista y es una puta más tras el dermis pie perdón y la gente le dije que no debe disculparse, que son cántico normal de la rivalidad y luego nos sorprendemos de que pase las cosa que pasan...	1	0	0
21491	ser aaaaaaa vaneeeee la puta madre felicitaciones hermosa te lo re mereces corazón rojo  corazón rojo  corazón rojo 	0	0	0
21493	ser ser ya callante te hoy a bloquear hijo de puta	0	0	0
21497	calvez queda como zorra pero te lo merecer social	0	0	0
21535	crítica duramente a ⁦@pablocasado ⁩ les de la bienvenida como si fuera un cartel del welcome de a expulsión inmediata de moromierdas	1	0	1
21565	ser tú tres un hijo de puta y tú madre bien lo saber	0	0	0
21571	ser tú tres puta esas lo que esas de	1	1	1
21598	ser tu tres el primero que adrede y amordazar adaptar los supuesto delito como os vale de la polla.menos lobo y mas democracia que no conocer ni respetar	0	0	0
21599	como docena si no tener algo bueno que decir mejor callante y matante maldita perra arrogante o como era	1	1	1
21603	pobre jo no se merecida ser traicionar de esa forma tan ruin y sucia esa zorra que ira de enamorada pero luego lo nota traicio... a pero si asoleo no ira de enamorada jo era un perito faldero de chrissy así que nos donde es q...	1	1	0
21612	ser ser ser exacto guarra y egoísta que el que venta detrás se bosque la vida	1	1	0
21616	agente de la patrulla fronteriza de una desuso a un grupo de 95 inmigrante en el desierto del suroeste de	0	0	0
21617	ser y si quien la violasen fresón moro de mierda mas gusto les diaria a los puto nadie que lo verano en el fondo las puta son ellos que como hacer tiempo que no follar joven con la lengua nadi que tienen. os gusto mas esta	1	0	1
21619	ser callante la boca burro maldito... a las a saber tu a contenta las proclama de bolivar.... hijo de la gran puta maldito burro	0	0	0
21622	lo estafa retardo a facundo y me grita es puta callante pendejo del orto me quier hacer callar y siquiera le vale pronunciar bien	0	0	0
21631	criminalidad a los mantero es redundante los mantero son delincuente y forma parte de una cadena de crimen organizado detrás de la cual ha inmigrante ilegales, mafias, empresario nacionales, y como no político	1	0	1
21637	ser ser para ser gata estas lejos... tres perra o zorra imbécil	1	1	1
21643	el socialismo de los europeo es aceptable la ursa se destacar en mucha cosa pero la izquierda sudar es lo peor del planeta sobretodo con el sincretismo satánico africano piedad córdoba es todo eso	1	0	1
21660	tu te merecer mas que un escarnio público hija de perra	0	0	0
21667	quien son yo para faltar el respeto a alguien por enseñar una teta o una polla más asco me de juzgar a la ligera y poner a faltar el respeto	0	0	0
21670	cuatro magrebíes adrede brutalmente y apuñalar a una persona en el barrio del rival aquel donde nada cola mente a todo la inmigrante a recoger lo ha convertidor en un gusto y en un foco de droga violencia y delincuencia es el secreto de su política migratoria y multicultural	1	1	1
21671	ser ser ser ser ser como entonces tu tres de lo que te guiar por el antes de cristo y después de cristo,cuando llegado los españoles,y le contagiamos toda clase de enfermedad europea	0	0	0
21705	... todo los trabajador inmigrante en reportero recibir pagar menos a las prometida y pagar cuota para poder trabajar ahí sus pasaporte fuero confiscado por el empleador a su llegada a	0	0	0
21727	españa crea su primer campo de refugiado en la bahía de algeciras vía ser gran noticia para el contribuyente español español a pagar a pagar las pensionar pensar en las pensiones. esto la sanidad como es gratis poderoso dejar de pagar no	1	0	0
21769	ser los musulmana no tener ni puta idea de lo que es una mujer para ellos las mujer son esclava	0	0	0
21771	de por un problema de papeleo el veterano arquero de 43 año carlos día no arreglo su llegada a uruguay de coronado sin embargo ya conseguir club su próximo destino ser rosario fe de guatemala que dirigir milano barrera	0	0	0
21778	de crea que alum vecino esta escuchador reggaeton pero no lo tenso claro porque buena como si coger una música árabe y le meter autotune rollo bobático	0	0	0
21788	ser pero quien es mato ahora tu tres mato y a hoy a la puta	0	0	0
21812	las persona y la manía de creer que por que la mujer es sexo tizne que ser puta seguro pues no dije el mojón mental	0	0	0
21824	ser mi un cortometraje de nos 35 mi aproximadamente muy bueno te lo recomiendo, busca en google una paciente muy guarra se llama	0	0	0
21826	que onda esto todo en modo árabes	0	0	0
21832	ser jjajajajajajajaajja callante zorra	1	1	1
21841	la otra no noticia del día es la visita del sonriente casado a algeciras, a visitar en cesta y algeciras, no a los guardia civil herido tras la violenta entrada de ilegal del otro día sino a un grupo de subsaharianos que ha entrado en nuestro país de forma igualmente le	1	1	1
21859	ser se derecha una nominación estuco de puta madre esto temporada	0	0	0
21867	ser callante solista hijo de puta descendiente de asesino amigo de golpistas. mercenario indigno mal marido	0	0	0
21873	arrollada por una docena de mantero en la gran vía cuando paseana junto a su madre que ira en silla de rueda motorizada. al verme en medio de la estampida de los subsaharianos, que portada las mercancía en las habitual manta de tela que se...	1	0	1
21877	grande-marlaska causa al gobierno de bajo de la crisis migratoria en españa vida ser el tribunal de estrasburgo considerar que españa habla vulnerar el convenio europeo de derecho humano al devolver a marruecos a dos inmigrante subsaharianos...	0	0	0
21880	callante zorra de niñera	1	1	1
21887	ser esta tizne que ser una fase nena porque las mujer son siempre las víctima no las hija de puta maltratadoras. eso o el chaval es un marchita que se lo ha merecido machete al machote	1	0	1
21892	ser callante puta tu tres el traidor	0	0	0
21895	que alguien le meta un pene a la boca a esa perra a ver si se queda callada	1	1	1
21908	ya lo tenia comprar al chile me agarraron, le ira a dar en su puta madre'... callante foto y vale un vergazo...	0	0	0
21920	se ha muerto mi perra y no esto para aguantar tontería	0	0	0
21927	aaaah vale vale ya me he aclarado jajajajajaja pues ojalá que me parecer un tío de puta madre y te merecer lo mejor y porq... a son monismo porque un ente superior los diseño el uno para el otro porque hoy a ser su padrino...	0	0	0
21938	me agregar un bicho mando de libra para hablar el bicho me pregunta si me gusto viajar y me cuenta que él ha aviajado por casi todo los países árabes yo le digno que para allá no hoy por matar gas	0	0	0
21941	machi callante hijo de puta te hoy ahorcar con mis menos	0	0	0
21943	feliz simple a vos amiga espera que la pase hermoso por que te lo merecer 18 no son nada perra te amo tonta ser	0	0	0
21944	ser ser ser ser ser callante el puto hocico hijo de tu perra madre pinche menos guangas, largo de mi equipo perro hoy ganamos.	0	0	0
21948	ser cállate, par interés cualquiera so perra	1	1	1
21955	una vela por estas feminiprogres y progreso gilipollas que esto a favor de llenar españa de subsaharianos musulmana cuya religión obligar a tapar a sus mujerero a a ser gracioso ver en nos año como las caza por las calle por enseñar carne ejercido su libertad como mujer	1	0	0
21959	ser ser mmmmm la mas tetona y puta de méxico pinche puta tan buena . mamá te merecer a te usar abusar en la cama y te coger como la puta a tres mamá mama una verga puta billete de dólar  berenjena  cara guiñando el ojo  cara lanzando un beso 	1	1	1
21966	escúchame ya me joyería jajajajajajajajajajajajajaja si a ti enseñar es ser una guarra yo son biennnn guarra menos mal que no me respeto que si no...	0	0	0
21992	le tenso que enseñar yo todo lpm... un espadachín sin filo que agarrar la puta madre aire yo le hoy a enseñar la espada que y al caballo cual montar aire	0	0	0
22005	árabe para que la pues lo baile a ser ser	0	0	0
22008	ser ser ser ser se derecha de puta y no quier que le meta la verga navaja no mamón	1	1	0
22012	es quique puta injusticia de verdad mierda se lo ha comido y para comenzar no se derecha estar combinada esta semana...	0	0	0
22014	ni tú tres una zorra hambrienta ni yo un incorregible depredador	0	0	0
22021	rezo y la conchetumadre hijo de perra merecer la muerte más cruel de lauta vida maricón culito	0	0	0
22028	ser ser iuuuuuuuh eso dolor en tu caraba de zorra	1	1	1
22037	los subsaharianos, caminar bajo el sol del desierto como palo inclinado de giacometti lo que le espera kafkianamente al europeo la ley del más fuerte de los técnico del mejor posicionado tú pues pensar que todo son bueno todo sonoro mosca situvieraelmismoardorjesús	1	0	1
22062	en brasil creer que son europea mi vida si tan solo superar que son mas sudar y pobre que ellos	1	0	0
22065	| lo único que dominar es mi polla en tu cara	1	1	1
22067	ser ser ser callante perra mira la foto de perfil que tener tu querer que te coja y te olvidar de el	1	1	1
22082	árabe me tener malilla la sala de mi cabeza	0	0	0
22115	una chica no es una guarra una zorra una puta una buscar por su manera de vestir	0	0	0
22128	ser callateeee tener un claro puta	1	1	1
22132	no quedo dejar de escuchar árabe la bastarda	0	0	0
22142	ser ocho callante judía perra a	1	1	1
22152	ya que el presidente del gobierno ser no quier ayudar a la ser en la frontera proponer hacer una colecta para que todo español que quieta y queda viaje a mejilla y rodeo la valla si nos invadir que se con igualdad de fuerza	0	0	0
22163	ser en aquí no maes zorra / ser en vivo en	1	1	1
22165	uno de mis propósito para este 2018  enseñable a mi perra a traer el desayuno a la cama	0	0	0
22168	mi novia es como mi polla se que esto ahí porque de vez en cuando se levantar una de mis pantalonera y la otra de la cama	1	1	0
22189	ser callante asesino hijo de puta el ara desaparecer por tu culpa maldito esas por toda la eternidad	0	0	0
22199	todo aquel que se haya molestador en investigar un poco saber que desde tiempo antiguo los mayor negrero y esclavista del mundo fuero los árabes	1	0	0
22209	jajajajaajajajajajaa callante pendejo huacal masvale puta	1	1	1
22214	no te merecer que te común el como peor que yo a que os pasa en la puta cabeza para escribir a alguien estas cosa pregunta	0	0	0
22218	ser callante puta tres hermosa a	1	1	1
22237	esa gente que te quier venir a enseñar historia y en su puta vida toco un libro no me interese la historia que te enseñar tus viejos...	0	0	0
22243	ser mira grandísono hijo de puta mal marido solo de cabrón tú tres una grandísona plasta de mierda que solo quiste al becerro de maduro acabar con la economía de vela	0	0	0
22245	mmm.. espera como dijes	0	0	0
22255	-madrid, infarto de mantero todo la mierda en la calle los subsaharianos tirado silla y las redel arriendo barcelona turista casi asesinato por mantero ni es te se nos ha do de las menos	1	0	0
22285	ser ser callante hijo de puta vencido	0	0	0
22290	ser ser ser ser pues eso callante la puta boca	0	0	0
22297	ser ser callante la puta boca y veto a una biblioteca buscar una sección donde haya feminismo y te queda callado y les y dejar de soltar gilipolleces comparable a la tierra es plana en cuanto a retroceso en los debate	0	0	0
22328	ser ser yo también crea que tú tres una mala puta y también me quedo corto además de mal educada...	1	1	1
22346	hasta la polla de no poder quedar dormido por culpa de los mocoso	0	0	0
22375	ser callante la geta estúpida cucaracha perra matante ca	1	1	1
22381	ser y este pendejo rey tu tres un puta que se de al mejor postor por lo menos el estafa pedo pero tu cabrón no maese a chingar tu madre si noma quedo	1	1	1
22388	ser callante negra puta ya te a a llegar el día que pues por todo esto	1	1	1
22401	que asco cuando las sola por la calle y te gritar los viejo baboso estos callante hijo de puta a poder ser mi padre-.-	0	0	0
22416	ser puta puta con las que vos te meter esa mujer es un ángel enviado por jesucristo nuestro señor para danés esa paz que buscador sólo con vela	0	0	0
22417	ser debate de tonterias, lo hacer de puta madre rendir nunca es una opción	0	0	0
22418	cuando hoy de shopping al tianguis y no me bien agüero	0	0	0
22429	los refugiado llegar a valparaíso el 3 de septiembre de 1939 (wikipedia).	0	0	0
22437	98167. tu tres una perra maldita sin corazón jajajajajaja	1	1	1
22450	ser tú tres lo peor del mundo grandísono hijo de perra	0	0	0
22451	no saber leer ni hablar ni entender lengua árabes es un poco ilustrante cuando se me encuentro con libro por ahí que tener dibujo increíble o libro de poesía que es imposible entender quieto en algún momento de la vida aprender aunque se un poquito conversar en árabe	0	0	0
22456	la puta madre te merecer todo lo bueno ser todo los año demostrar que sos la mejor  corazón amarillo  corazón amarillo  corazón amarillo  corazón amarillo  manda baila flor al 13013	0	0	0
22457	de colombia tocar emigrar en patera como hacer los africano subsaharianos.	0	0	0
22471	ser y tú tres bien puta me ofrecer el culo	1	1	1
22479	"- a barcelona el día 17 a hacer el paripé a no - sí papá - recuerdo el 18 llamar al amigo árabe para ""aquello"". - sí papá a y la agenda de ""campamentos"" que me prometiente - vale... para el día 20..."	0	0	0
22517	ceres poblana eso colombiana y por que tres agüera en colombia toda son morena fu a colombia 3 receso cok mente a solo me pinto el cabello	0	0	0
22528	anoche estafa hablado con mi debe de y como estafa casi dormida le escriba en árabe jajajajajaja	0	0	0
22560	ser ser callateeeee puta gallina cacarear ni idea tener de nada .	1	1	1
22574	yo quien tú tres tú bizcochitooo (cantando) mi mamá a la tenis clara puta jajajajaja me estallo	1	1	1
22575	que basura de vecino asqueroso mezquino e hijo de la gran puta que tener que inventar que el vecino hacer ruido y tan y llama a la cap para que se presente aquí en mi puta puerta hacer una media hora porque les apetecer molestar al vecino de arriba	0	0	0
22589	alarma por los más de 50.000 subsaharianos que espera en marruecos para cruzar a españa . ser ser esta es vuestra poética matar al pueblo de hambre y a estos les londrés la alfombra para que entre seis basura vía ser	1	0	1
22592	o se tanto árabes a ha en venezuela y no pueden hacer un atentado decente a pasa	1	0	0
22594	a mi me insultar y no pasa na vale adán con el caótico y vaya tela mi novia es sevillista y es una puta mas puta zebiyaaa puta zebiyaaa	1	1	1
22632	y la puta madre como nunca hibierno este baile  mujer con la mano en la frente  las más niña merecían la versión mejorana hecha por sede y la y mata napa a podrían meter remate de pelo a	0	0	0
22658	ser ya te dije si respiro en tu cara zorra	1	1	1
22660	en esta vida llamada ápice girls, yo seria fingir spice...les explicar no seria la negra ni la agüera ridícula ni la deportista plana y mucho menos la polona físicamente seria ginger, por que es la única que tuyo un éxito como solista bendiciones	1	0	1
22661	sri ser pues dígales a cuando bajón del barco coja el autobús dirección mañana y todo para ti olvidar las necesidad español a el populista a te de la inmigración una más de tus atrocidad	0	0	0
22669	mariol hablar de la hija de chavea pero vos decir ser italiano y no vivir en italia para los tanor si les importar lo que hacer un sumaca también seria un traidor vivienda acal	1	1	1
22676	ser su novia es puta seguro pero no por ser sevillista si no por estar en tipo por tu dinero ser	1	1	1
22679	ser ese agujero lleno de hijo de puta os merecer que gana finés y cierre vuestra basura de televisión	0	0	0
22711	ser ser callante puta no te meta	1	1	1
22714	nena tú tres de lo más linda tener cara de puta queeeeee jahajajajajajajajjajajajahajajahahahahahahajaj	1	1	1
22718	mi meta de este domingo es aprender la parte en árabe de ojo así	0	0	0
22725	maldito espalda mojada	1	0	1
22729	los que apoyar las política del presidente trampa en contra de los inmigrante y su buen trato hacia puerto rico también deber rendir cuenta	0	0	0
22739	ser te quiste a las 3 hijo de puta callante	0	0	0
22768	ser que te calle so guarra	1	1	1
22782	como se dije en inglés así como lo trago pero más cortijo necesitar ya cortar el pelo pero mando en el gabacho mennnnnnn	0	0	0
22787	ser ser ser ser como ya	0	0	0
22800	todo debemos de tener un plan a  micrófono  cara sonriendo con gafas de sol  corazón rojo  phi ser	0	0	0
22801	ser vos sos una hija de puta , callante mejor	1	1	1
22811	si un es acoso cibernética todo estariamos preso dije de decir estupideces ridícula a son	0	0	0
22814	esto si que bebería de preocuparnos y la no la inmigración	0	0	0
22815	novia me hijo papa frita esta mujer es todo lo que esta bien la puta madreeeeeeeeeee	0	0	0
22822	ser merecer morir pedazo de mierda hijo de puta ojalá te entre un millón de tumor en el a uno cerebro hijo de la gran zorra	0	0	0
22826	me tener arta con decir puta que no disfrute el sexo no es un drama mío ridícula	0	0	0
22834	 cara con símbolos en la boca entérate | usado información falsa trampa insistir en que son necesaria les más dura para que los indocumentado no queda votar... ser	0	0	0
22835	ser hijo de puta que en la tierra vivo más gente enseñarnos la polla y quien encaje con más dolor al otro ganar y el que más gana... el resto del mundo anormal	0	0	0
22846	si a mi se me ocurrir enseñar por twitter una conversación de whatsap con mi madre me manda a dormir a la caseta de mi perra	0	0	0
22848	pinche debe pendejo callante el hocico más te esto cortado el pelo puta chillona	0	0	0
22861	tener una polla en la cara de jesús en un por al decir que era broma o	0	0	0
22867	que no es presunto a ser que escoria es culpable del asesinato,desaparicion,secuestro y violación de angelito  cara con sudor frío  tulipán  dos corazones  huellas de pezuñas  luna de cuarto creciente con cara  d.e.p que este escoria su trastorno solo es a a pagar de  dos corazones  huellas de pezuñas  luna de cuarto creciente con cara 	0	0	0
22877	imágines exclusiva de casado y rivera ante la valla de mejilla	0	0	0
22885	ser callante zorra maldita pongo a estas celebrador en tu fundo o peor aun en el fundo de un momio a te invito zorra momia	1	1	1
22888	cuando el de los taco te dije muy no agüera ya se me acabado los de pastor	0	0	0
22889	ser el acoso y la violación tizne connotaciones muy prifundas. el poder económico de estos acosador tizne el mismo efecto que un cuchillo en el cuello por violadores. los poderoso se aprovechar de momento vulnerable de sus victimas,ahora	0	0	0
22894	cristina ve cámara y se descontrola. no es cadena la puta madre callante ya	0	0	0
22898	"ser   sólo seis caca estados absorbiendo la inmigración no amos abasto""......... a ver si por fin os dis cuenta que la solidaridad y el budismo tizne límite dejar la demagogia de una vez no pues haber inmigración ilegal ilimitada"	1	0	1
22920	ser ser callante vos zorra y vos le andas arrastrado el ala a baldonado si se	1	1	1
22938	masculinidad frágil es mi causa francés echándose un clavado al cenote solo porque un grupo de árabes le hijo pues	0	0	0
22952	que este año se bueno para quien se lo cereza y una puta mierda para el que no	0	0	0
22953	le pues dar un pez a un hombre y comer un día como le des una caña a un subsahariano fabricar una lanza y atravesar a un guardia civil	1	0	0
22954	puta mierda como se derecha quedar mierda como pues nada cepeda nominador otra vez	0	0	0
22971	ser ser callante perra que tú no aparecido hacer 5 añosa ve a tocante con tu ascenso	1	1	1
22972	ser ay estúpida perra gracia a otro tu tres famosa , idiota	1	1	1
22998	ser bueno a si que te calle de una puta vez y actualizar el fortuito	0	0	0
23003	pero ningún indocumentado	0	0	0
23009	permitir esta invasión de africano y árabes antes de pedir ayuda para recibirlos a la que es típico de político demagogo a los que no les importar en absoluto su pueblo y los tan a usar para enfrentarnos.	1	0	0
23019	tenso una sobrina que estafa re mal en química tenia que dar una prueba global y fu a enseñable y le que la zorra me asiento tan bien	1	1	1
23021	crea que los colegio que importar el islam debe de ser el mismo número de coegiosque en los países árabes importe el cristianismo.que no somo más tonto porque no ensayado	0	0	0
23059	esos árabes de mierda igual a sionista	1	0	1
23086	ser perra de te enseñar lo que es el nuevo orden mundial	0	0	0
23088	son las 3 de la mañana comida guarra y película la espada mágica en busca de camelote os lo digno todo todo	0	0	0
23090	ser ser ser callante y relajar la puta mandíbula	0	0	0
23098	ser valor como el mi novia es sevillista y una puta más o el rubín castro alén rubín castro alén no que tu culpa era una puta lo chiste bien	1	1	1
23122	no crear que que a la selva alcandora a reunir con el no más bien anda en el rancho de su compadre el agüero peñasco	0	0	0
23123	ser es por acoso y violación por abuso de poder lo de de es acusación de supuesto maltrato en pareja no son lo mismo	0	0	0
23179	ser no vaya provocador que luego desaparecer y en espejo público bien que te lo merecer por guarra	1	1	1
23192	claro tenia que ser árabes musulmana para hacer sus pendejadas y luego lo mezcla con verano fanático y vale una porquería además de sobriamente maltrato psicológico para los niño	1	0	0
23215	ser callante zorra impura trabajo para mantener a vos juanero de mierda	1	1	1
23217	menos mal que no hacia twitter en la edición de virginal porque eso si que era acoso y derribo y no las tontería de este año	0	0	0
23234	"otro tema sobre ingerencia en los asunto internos"". gobierno árabe y paraguayo tan por la misma senda con embajador británico y canadiense por que ser"	0	0	0
23246	ósea se derecha lo que le pasa por puta descuidada mochilero y parecida verdad querido cisticerco	1	1	1
23247	abra hilo recopilado todo los actor de violencia llevador a cabo por los inmigrante sin papeleo que tanto le gustar a la izquierda además también recopilar las paguitas que recibir a cambio de nada puesto que pagar cero impuesto empecemos.	1	0	0
23250	ser ser callante que estados de la panza por tu puta agarena	0	0	0
23255	a verme serio algún ti creer que por enseñar su polla tener la atención de alguien yo,desde luego no...	0	0	0
23259	ser ser maldito cinco hijo de redil puta te merecer que te empleo y te cuelguen en la plaza como lo hibierno los italiano con benito mussolini	0	0	0
23308	ser ser la de aranburu que tope como merecía. lo a es una puta vergüenza es a una leyenda como dardo no lo haya recibidor todavía	0	0	0
23320	ser no dios nada que tú tres cómplice de lo que esto pasando... y recuerdo seguir miedo la perra más perra de venezuela	0	0	0
23325	encima que ya esto cagado mi hermano habla dormido,hijo de puta callante	0	0	0
23333	emiratos árabes unidos crea un ministerio de inteligencia artificial conocer cual son sus planeo de gestión aquí vía ser	0	0	0
23337	ser callante puta no gratis	1	1	1
23341	sudanés que votar a la derecha que querer	1	0	1
23342	franchute cagón el que arraigo la silla y no se la partido en la cabeza	0	0	0
23345	hoy a eso de las 21 00 es tendremos crossover con el tata sera de sumaca lamer en donde estaremos conversador y aclarado vario punto sobre uno de los considerado peor juego dentro de la franquicia castlevania. ahumado dracma mokushiroku.	0	0	0
23363	feliz cumpleaños ser un año más miedo leyenda que tenia un día de puta madre y celébralo como te merecer un abrazo	0	0	0
23374	ee.uu. ha derrotado a a 28.516 en 2018, de ellos 280 niño ser	0	0	0
23380	pero es que poner egipto o emiratos árabes que son nuestros caso e igual jurar que amos a matar gracia a korea...	0	0	0
23386	y tú tres una puta mierda que solo nieves para decir gilipollas y a gente como tú te de la razón que viva las fiesta y más las de pueblo	0	0	0
23387	feliz año chavaleria por todo los grande que seis a veras que tenis un año de puta madre que os lo merecéis	0	0	0
23390	hola tarta se bien lo que queresa te sí en aquella película zorra cerda puta no te merecer que me acuesto contigo meter grifón	1	1	1
23392	descubrir uno de los secreto mejor guardado de la ...los a árabes ruso	0	0	0
23394	es súper de pueblo decible agüero a la gente de tez blanca aunque no san rubio los agüero son así  flecha hacia la derecha  hombre rubio tono de piel claro  mujer rubia tono de piel claro . estos  mujer tono de piel claro  niño tono de piel claro  no son “güeros”, no mamen marca de cruz  hombre haciendo el gesto de no tono de piel medio 	0	0	0
23396	haber visto el fideo de la señora del metro de madriz que no deja sentar a una niña extranjera pues el víreo de los negrada pegado a un turista americano por defender a una mujer con una silla de un debe en barcelona no lo vals a ver	1	0	0
23415	exacto	1	0	1
23429	ser ser tu callante tremenda pinche puta no tener derecho de opinar porque tu ser es una mierda chupa veras de caballo	1	1	1
23439	ser es que cállate, callante porque no tener ni puta idea y ojalá te pase lo mismo que tú no te creer que nos pasa a las mujerero me importar una mierda que leyenda esto pienso 'wooow vaya feminista deseándome eso veto a la mierda sino teniente	0	0	0
23444	cuando franco esto no era un coladero de a moro y a musulmana sin papeleo	1	0	0
23446	ser ser tu tres escoria	0	0	0
23450	ser ser callante pinche perra	1	1	1
23493	hasta para enseñar el culo ha que ser perra	1	0	1
23506	ser jajajaja callante zorra	1	1	1
23520	ser que rica te es perra pero te veras mejor enseñado esa chita rica bien mojada	1	1	1
23532	mi primero insulto con puto maricón puta pendejo de mierda callante	0	0	0
23542	puto moro se esto cargado el pasa	1	0	1
23545	tú callante malagueño que tres solo el puta	1	1	1
23565	la solución no es dable papeleo a todo es exigir a nuestro gobierno a no tabique y venda arma a los gobierno subsaharianos para que estos no mascarón y acorralar a su población hacienda a quien venir aquí a lo civil o criminal desesperación y supervivencia pura	0	0	0
23568	para mi si querer llegar a latinoamerica no suma el discurso argento de nosotros somo descendiente de europeo nos un mejicano nos diaria para loca somo tos sudakas..	1	0	1
23580	ser ser ser me bloque hacer siglo le dios por decir mucha tontería sobre mí en conversaciones con otra persona usado el rumor falso para desprestigiar a mí me parecer un comportamiento muy lamentable y que dije mucho y a	0	0	0
23596	estas en contra de erogar pues te ponedor una foto con una polla en la cara y manipulador el titular	0	0	0
23614	jordania egipto y túnez son los países árabes que ha llegado a cabo mayor planeo de ajuste dictador por el fondo monetario internacional no ha mejora y desde amán hasta el carro las calle se inundar de protesta ser	0	0	0
23615	ser callante vieja zorra	1	1	1
23622	origen mando en la playa como si estuviera bien agüera	0	0	0
23633	cada población liberada cada bandera izada suponer un duro revés para los interese del imperialismo en honor y gloria al ejército árabe sirio	0	0	0
23635	"las ""güeras"" se enojaron, que casualidad"	0	0	0
23647	inmigrante saltado la valla en 850 lo intentar y 600 pasa ahí de que no les falte de no quitador concertina que no se lesionen, pero a los herido de la ser que les de no que vergüenza de país	1	0	1
23651	me caso en tus muerto   hija de puta zorra de mierda murete .... que tu tres bien puta tu muerte tres bien puta agregado	1	1	1
23652	ser podre sentir lo que usted quieta pero no es violación ni acoso sexual y es usted quien debe detenerlo.	0	0	0
23663	la vida es una puta mierda a veces... justo acabo de regresar se merecida lo mejor después de toda la mierda que paso... se me parte el corazon...	0	0	0
23687	puta madre mi novia es una belleza de	0	0	0
23688	ninguna mujer es tan santa como para no aprender a coger bien ni tan puta como para no aprender a amar	1	0	1
23690	ser el puta madre es lo más y baluma esto precioso así que cállate.	0	0	0
23716	- el otro día me como a aura es muy fácil que guarra jajajaja - aura también te como a ti entonces tú tres igual de guarro e igual de fácil - puto feminal puta moda tres feminista solo para ligar bien queda gilipollas - eme o	1	1	0
23728	ser callante com hijo de la perra caliente a	0	0	0
23735	ser gastar la pasta en investigar en cosmético para el como tizne coronel no bebería gastar ese dinero en investigaciones más seria famoso digno yo	0	0	0
23742	siempre mira hacia arriba	0	0	0
23750	hdsptm veras pelona sin ceja	1	0	0
23751	sánchez crea un mando único para contralar las frontera y la inmigración ilegal compartidor desde tu tablón de google	0	0	0
23754	ser y tu tres una puta muy útil a maduro y la banda de delincuentes...	1	1	1
23755	pinche actriz perra hasta en mis sueño tres tonta no te lo merecer a	1	1	1
23777	ser ser violencia no acoso,no no significado por que tener que enseñar su casa por ser un personaje público o por vender a una revista la señora patio es personaje público y ha salido en revistas,tendremos el mismo derecho a saber	0	0	0
23783	lo mejor de todo ver a amable con cara de asco jefe fijo que te lo merecer zorra	1	1	1
23800	ser un debate no es sólo dar voz se ha de enseñar que es un maltrato y por que no se ha de cuestionar lo que es un maltrato las señal en la piel se vena las que dejar en la mente no	0	0	0
23827	ser represión hijo de mil puta merecer que te carmen de un piedra los negro de mierda y mientras en carne propia	0	0	0
23830	dije la billete en el trabajo esto sin papeleo y sin 100 esos  cara con sudor frío  cara con sudor frío  cara con sudor frío 	0	0	0
23875	hoy se quema el 2k17 gracia por enseñar mucho y bien 2k18 como así que suerte perra alhaja	0	0	0
23900	cuatro mujer señalar a pal haggis como culpable en caso de acoso sexual y violación	0	0	0
23901	tan idea a malasia para que los pobre negrada pase la valla con menos sufrimiento	1	0	0
23912	ser mira que tu tres bandido y criminal al igual que santo mas temprano que tarde pagar sus crimen escoria basura	0	0	0
23922	pobre moromierda. pues a mi me parecer mas digna y respetable la vida de una linda gallina que acabar en un fe que se semita culturizado en el país de la violación que acabar de dejar libre	1	1	1
23926	ser ser estos miserable a pueden enseñar más a su puta basura nazionalista... no tener mas nada a enseñar	0	0	0
23928	puta niña mierda ya callante a la chingana  cara cabreada  cara cabreada  cabeza explotando  cabeza explotando  cabeza explotando  cabeza explotando 	1	1	1
23935	ya vice copy-paste del mismo mensaje a toda la gente que se derecha un maldito en este año con mi perra a upa aullido como un lobo así que me hoy a ir a dormir saludo a todo	0	0	0
23943	ser papa para ve a dormir a te queda dormido aquí y lo a te decir en a tenia sueño con un niño o con un viejo aquel viejo de la bicicleta y los perfume hereje donde estarna los árabes como mierda.... recuerdo bien a me tan lástima y a tan hacer si son	1	0	0
23944	se lo merecía. lo cruce que es aguante flor vignaaaaaaaa, la puta madre	0	0	0
23954	ser tú tres más puta jijijiji	1	1	0
23957	sánchez de sanidad gratis a los sin papeles... pero no a los inmigrante legal ser como te lo comer eso si tres ilegal toda la ayuda es poca pero si estas en destemplado entonces ....	1	0	0
23979	si tres de los que pensar que una mujer es una mala puta por pensar diferente a ti nota a era poca o cu	1	0	0
23988	ser tu puta madre callante ya poder	0	0	0
23989	ser mucho violador en en la violación la intimidación el acoso o los golpe su realización de fantasía sexual que la víctima cese tras no encontrar salida ni opción de salvación	0	0	0
23990	ser por acoso y violación a la intimidad	0	0	0
23991	ser ser trabajar para la re no verdad,pues callante la puta boca	0	0	0
24019	acá nos huevero si nos encapuchamos pero en los países árabes estariamos toda obligado a encapucharnos  mujer encogida de hombros 	0	0	0
24024	la mayoría de musulmana viento a vivir gratis del ahorro de los español y volver de vacaciones a su país no son refugiado pero pedro ser les entrega lo que necesitado los españoleta	1	0	1
24028	sólo dentro de los límite del humor quizá es esta la solución compensatoria para ellas en el tema de la carne roja	0	0	0
24031	ser patrona hijo de putañear no se merecida una salida asir dios mucho a esta institución por no se que usted con urrego, solo y plata	0	0	0
24055	ser callante gorda borracha hija de mil puta sos lo peor de la política argentina ya lo hijo don raíl alfonsina	1	1	1
24062	ser ser callateeee vos perra envidiosa	1	1	1
24066	la huella dejada por los árabes en al-andalus, es decir en españa	0	0	0
24083	ser la mujer conocer bien la debilidad del hombre y cada día le nube más la falda y posteriormente se queja de acoso...	1	0	0
24099	"el gobierno ocupar de la moncloa, esto encantado con la invasión de subsaharianos agredido a guardia civil .""vienen a pagano las pensiones, no os preocupéis"""	1	0	1
24104	yo luego atender alguna llamada del la de mi papá y llega hablar una mujer es que le mente la madre a esa puta	1	1	1
24115	chica pero por que borrar las foto en colon en yate si al final la friolera que todo los finés de semana revuelven y hasta estrujar es la tuya y nadie debe opinar en eso... tranquila dije sus foto	0	0	0
24123	que hacer una mujer trepado una pared de vidrio quier ver que ha al otro lado	1	0	0
24126	la solución es soldar el timón de la patera rumbo de donde salero con agua y comida	1	0	0
24140	ser imbécil te lo merecías. agradéceme perra	1	1	1
24147	ser callante si sos re zorra	1	1	1
24155	que coronel ver los guiri en españa para venir de vacaciones. gitano moroso sudacas, eco	1	0	1
24159	ser jajajajajaja tu tres uno diego jajajajajaja mentira perra perra perrraaaaaaaaaa de mierda navaja a	0	0	0
24160	un árabe gana 250000 dolar por jugar un torneo de fila en la plan y yo acá perdido el tiempo navaja	0	0	0
24172	y los que no se denuncian... hagamos número el acoso a las mujer es diario no todo los hombre son acosadores, pero toda las mujer ha sino acosadas.	0	0	0
24180	que tan difícil es españa cuando emigrar sin papeleo por ser	0	0	0
24188	aquí esto la de maría llena menéndez  los refugiado sitios en el mundo colaboración desde ser	0	0	0
24190	por algo ser la polla es bueno y un codazo es malo	0	0	0
24209	ya les he contado que si fuera rica/millonaria seria toda una perra sus me esto enseñado humildad... y no he prendido mucho ldvdd.	0	0	0
24247	la fundación francisco franco proponer eliminar las concertina de la valla de cesta y untar con tocino de cerdo la frontera para evitar que los moro nos común	1	0	0
24290	ser callante puta que tres mas importante para mi de lo que creer > (	1	1	1
24294	ser (get repost) ・・・ cuando bien comida árabe seguro lo primero que les bien a la mente son estos dos platillo a y yo por supuesto tenia que ponerlos a competir	0	0	0
24301	esta mujer es una perra de mierda yo le saco la mucha a ella la maraca culpa	1	1	1
24310	lo bien que tan esos tunante ahí una pela encuerar es que ha que dares a estos traficante de indocumentado llegado el país de esta plaga que entrar sin documentación sin historial y sin nada a nuestro país quien saber dejado que prontuario en su país...	1	0	1
24311	igual tú para follar a alguien te fija en su personalidad pero en una a que es para follar no todo tener que tener el mismo criterio	0	0	0
24321	ser jajajajajjajajajjaa maldita peruano merecer vivir	1	1	1
24326	es molesto que te mandón a hacer algo y después te quien enseñar ji . pero venir macelo vos si sos mejor y listo la puta madre	0	0	0
24338	esto hasta los coronel mantero agredido a la ser islamita exigiendo que en nuestras escuela se imponer el islam esto hasta los de de tanta basura la derecha y partido como ser tener que subir seguidires en el país por un país de principio	1	0	1
24350	que te calle puta escoria	0	0	0
24352	es que tu como me importe cómite mi polla basura	1	1	1
24356	callante ya guarra anda que las pena aparte de fea tu como ese es una puta mierda te lo comprar por pena porque es frisio a uyyyy los 12 año como se notan... que pasa que estas rebotar porque anoche tus papisa no te deja...	1	1	1
24357	para lo relevante no ha dinero y para las engañifa sí (invasores africano moromierdas mantenidos, falsa maltratadas y demás porquería varias).	1	0	1
24368	ser callante puta te falta pico endulzar	1	1	1
24373	ser no te merecer que te preste ninguna malla más por escribir así perra  cara de desaprobación jajajajaj	1	1	1
24374	controles policial durante 24 hora a pesar de ser una frontera schengen provocar un goteo diario de y rechazador en la zona fronteriza de irún-hendaya.	0	0	0
24397	ser navaja vos mejor callante zorra yo también te amo y me hoy a comer toda las gorda que san necesaria o	1	1	1
24401	no haber que dares de lo 'nuestro'. ellos se apropiar de lo 'suyo'. ser les dije de a quien pensar a ha a jubilar a los mayor para a trabajo los jóvenes o a los a viento de fuera te quitar el trabajo vía ser	1	0	1
24402	zorra tres tu que no te miente hombre y no entender que toda mujer es bella	0	0	0
24413	17. tú tres un hijo de la gran puta la de hacer cosa muy fea con motivo que más vale que san de peso confín que sí pero luego habla contigo y se me pasa todo porque suelta una tontería y ya me alegra me vez refleja o algo en fin tu sangre es sucia pero no más que yo	0	0	0
24431	yo nunca le he dicho puta a una mujer pero socia tú tres senda petardo de estas navidad no hoy a comprar pirotecnia ya contigo vasta  cara llorando de risa  cara llorando de risa  cara llorando de risa 	1	1	0
24434	hacer tanto calor que poesía matar a un árabe indiferentemente referencia de el extranjero	1	1	1
24442	sidra el gaitero comedera por el mundo entero	0	0	0
24451	que por que nuestros gobernante son blanco y en la tela ha puro pinche agüero ser	1	0	1
24467	somo animalejo tú tres una perra y yo la ladilla que no se quier despegar de esa tetona	1	1	0
24481	en que se parecer superar a una mujer lista en que los dos son personaje de ciencia-ficción.	1	0	0
24488	un indocumentado...habla y habla y no para y acabo hablado su ignorancia.empezamos bien	1	0	0
24492	ole tu solo le falto decir que con franco eso no pasada	0	0	0
24520	el novio de mi hermanastra hijo que mi perra es muy parada y después me hijo artista a mi y a mi señor callante pincho que te hoy a empalar ser aviso	0	0	0
24527	ser ser ser tu tres mas hijo de puta por insultar de esa forma respeto para que te respeto mamarracho	0	0	0
24529	ser callante rata mudera.eres escoria	0	0	0
24536	tres una perra que no merecer a sus amigo a ¿quieres ser mi amigo tal vez a ti sí te merezca.	1	1	1
24544	por que dios hijo a las mujer con los pues más pequeño para que queda acercar más al fregadero	1	0	0
24564	mucho venezolano no generalicé) llamar por añosa ladrona a los chino tacaño a los árabes malamente a los colombiano indio y feo a los peruano vago a los panameño y ahora esos mismo se indigna cuando los llama veneno en otro lado	1	0	1
24569	odio que me recuerdo que mañana agustín simple veinticuatro añosa o se la puta madre callante que suero pelotuda.	0	0	0
24576	ser ser ser ser que si que te calle mono a la puta selva a llorar basura	0	0	0
24590	somo mucho más de lo que sueño ser pinche sumaca cagado y si no te gusto dije donde nos topador a reventarnos el hocico 1 1 ser	1	1	1
24624	ser ser no tenis ni zorra idea de la constitución no todo los artículo nos tener mas transcendencia que otrosí se reforma igual dependiente cual se se reforma a través del 168 o del 167. el 135 por el 167. el dos por el 168. a	0	0	0
24625	en la primera partida me he comido una polla por imbécil amos a la segunda	0	0	0
24632	¡¡¡ahora si hoy empiezo la lucha esto es cosa de hombre	0	0	0
24646	iris de una puta vez inane y benzema. ya no merecéis llevar esa camiseta ni ese escudo...	0	0	0
24649	yo me pregunta como es el teclado de los que escribán en árabe	0	0	0
24651	ser ser jajajajajajajajajajajaajaj me ca yo te amo ca tu tres una puta comida ca saber que nos debe una comida  cara llorando de risa  cara llorando de risa  cara llorando de risa  cara llorando de risa  cara llorando de risa  cara llorando de risa  cara llorando de risa  cara llorando de risa  cara llorando de risa  cara llorando de risa  cara llorando de risa 	0	0	0
24677	ni laurina ni sede ni florencia rey mamón se merecida ganar el blando la puta madre	0	0	0
24686	no me gusto el titular culpabilidad a la inmigración del populista el populoso es quien uso cualquier hecho para agitar.el riesgo populista en españa por la tensión migratoria poner en alerta a bruselas vía ser	0	0	0
24691	ser tu tres un imbécil maleducado que no tener ni puta idea dicho esto paso de ti	0	0	0
24692	omega niña árabe cuando para mí	0	0	0
24696	ser ser como tú tres otra vaga perra desgraciada ladrona	1	1	1
24701	ser callante perra es mio	1	1	1
24705	ser ser que tan que sos man la puta madre callante gordo hijo de mil puta porque hoy en donde este y te juro que te pego una revolcada de piña que no te imaginar lo	0	0	0
24733	racimo es no permitir que te leche mis agüero en la espalda	0	0	0
24736	siempre ha una amiga del novio que por más inocente que se para uno de novia es la perra hijueputa, que tres pero	1	1	1
24746	ser muestra como ten esa vagina de puta caliente llena de moco hacha culpa hija de la perra trata semen 146 146	1	1	1
24768	sera casualidad que cuando ha una gran entrada de refugiado árabes en europa un grupo de árabes atenta cuando ha una gran entrada de africano en europa un grupo de africano atenta 3.chinos, preparado	1	0	1
24773	no ha nada que cereza más la pena que mi perra a	0	0	0
24817	ya empezamos con las tontería lo ha hecho de puta madre como que viva ana dar a	0	0	0
24821	orina mi perra me despierta para enseñar su nuevo peluca favo	0	0	0
24822	ser a mí sólo me gustar las tras si son guarras'. para mí esto claro que si una guarra para adjetivar el tipo de mujer que le gusto no debe de asociable las misma connotaciones negativa que presuponéis. tenso amiga que se autoadjetivan	1	0	0
24845	otra vergüenza que tenedor que soportar los español de estos negrada mantecoso	1	0	1
24864	rosario me poesía decir sumaca a wouldn't dije a fuco	1	1	1
24870	ser tú tres el hijo de perra hoy a explotar perro	0	0	0
24895	ser ser el de mi polla a granel que te calle virgen	1	1	1
24907	la policía tramitar en algeciras 400 expediente al día de inmigrante indocumentado vía ser mies al día que entrar . que no cabe leche . que lo pensar todo el mundo y el gobierno no hacer nada.nos tenedor que ir los españoles,para que entre	1	0	1
24909	mientras los ciudadano de a pie(ahora más que nunca a pie enfrentamos la inseguridad a diario sin arma solo con valor y bolsa no ha otra al indocumentado impostor lo rodear con esterilla protectora (inútiles ante un rogo	1	0	1
24925	la verdad que si no vela la hora de llegar a los 5 mil amigo ahora de a poco hoy borrado esos indio indocumentado	1	0	0
24928	hoy 20hrs, harem un twittazo en contra rodillo noruega quien ese a ser un incitador al odio e inmigrante sigua en chile el hashtag, ser	1	1	0
24930	ser ser haber pasaje el fideo donde adán liga puta a las mujer sevillistas...'mi novia es sevillista',no dije toda las sevillistas.	1	0	1
24953	ser callante hijo de perra , como estas amor	0	0	0
24973	ser ser pero tu tres un auténtico imbécil y un potencial marchita ideología de izquierda tú tres una vergüenza	0	0	0
24983	ser callante a le paso a mili a paso ami falta vos gorda puta todo es posible	1	1	1
24986	traducción escucha puta sueca los árabes estados aquí para apoderarnos de vuestro odio país monte de rodilla y chupar la polla	1	1	1
